{
  "_meta": {
    "maxChars": {
    }
  },
  "en": {
    "title": "<size=50>Attack on Blob</size>\nMega Multiply",
    "credits_desc": "Made by: RENEGADEWARE, Music from: Kevin MacLeod",
    "options": "OPTIONS",
    "music": "MUSIC",
    "sound": "SOUND",
    "speech": "SPEECH",
    "close": "CLOSE",
    "on": "ON",
    "off": "OFF",
    "ready": "READY",
    "go": "GO",
    "enter": "ENTER",
    "proceed": "PROCEED",
    "victory": "VICTORY",
    "combo": "COMBO",
    "bonus": "BONUS",
    "perfect": "PERFECT",
    "summary": "SUMMARY",
    "new": "NEW GAME",
    "continue": "CONTINUE",
    "victory_errorMult": "Multiply Error:",
    "victory_errorSums": "Sums Error:",
    "victory_score": "Score:",
    "summary_total_score": "Total Score:",
    "health_warning": "Watch out! Once the health bar is empty, you will have to start over!",
    "distributiveProperty": "Distributive Property",
    "areaOfRectangle": "Area of Rectangle",
    "level_title_1": "Level 1",
    "level_title_2": "Level 2",
    "level_title_3": "Level 3",
    "level_title_4": "Level 4",
    "intro_scan_idle": "Idle",
    "intro_scan_danger": "DANGER!!!",
    "intro_attack_blob": "Attack Blob",
    "intro_dialog_1": "Multiple space blobs have pierced through the sky!",
    "intro_dialog_2": "Emergency protocol initiated.",
    "intro_dialog_3": "We must banish them immediately before they fall down to Earth, and wreak havoc!",
    "intro_attack_1": "With our latest advancements in blobology, we will be deploying Attack Blobs.",
    "intro_attack_2": "These blobs must be made with the power of multiplication, and who better to do it than you!",
    "intro_attack_3": "Our intrepid hero, go forth, and use your mathematical might to banish these invading blobs for good!",
    "lesson1_intro_1": "Multiplying a number of two or more digits can be tricky, but there’s a special trick to make it easier!",
    "lesson1_intro_2": "Let’s take a quick look at a math concept that we will be using for this trick.",
    "lesson1_distribute_1": "By using the distributive property, we can split a large number into smaller pieces.",
    "lesson1_distribute_2": "In this example, we split the factor 12 into: 10 and 2. Making it easier to solve the product.",
    "lesson1_distribute_3": "Pay close attention to how the distribution works!",
    "lesson1_area_1": "To help us visualize this further, consider the factors as the dimensions of a rectangle, and the product as the area.",
    "lesson1_area_2": "Splitting the rectangle into smaller pieces is similar to how the distributive property works.",
    "lesson1_area_3": "We then compute these smaller areas, and add them up to get the total area (the product).",
    "lesson1_connect_1": "Let’s give it a try. Connect these two blobs to initiate the attack!",
    "lesson1_attack_distribute_1": "Just like in the example, this is where you split the numbers up that represents the dimensions of a rectangle.",
    "lesson1_attack_distribute_2": "Simply click on the boxed number to split it!",
    "lesson1_attack_eval_1": "Now we compute the area of each rectangle by using the numpad to type in the number.",
    "lesson1_attack_eval_2": "Once you have a number ready, press the ENTER button.",
    "lesson1_attack_eval_3": "Since we split the number up in multiples of 10’s, you only really have to multiply the non-zero numbers.",
    "lesson1_attack_eval_4": "Just remember to add the proper number of zeroes at the end. In this case, just a single zero.",
    "lesson1_attack_sums_1": "Finally, we add the numbers together to form the final product!",
    "lesson1_attack_sums_2": "Once again, use the numpad to compute each digit of the number.",
    "lesson1_end_1": "Excellent! As you can see, it’s much easier to solve an equation by splitting it up into smaller pieces.",
    "lesson1_end_2": "Now you are ready to banish the blobs!",
    "lesson4_intro_1": "Here we are at the final stage, with only a handful of blobs left to banish!",
    "lesson4_intro_2": "This time around, we will be multiplying double digit numbers.",
    "lesson4_area_1": "Just as we split the area up horizontally, we can also split it vertically.",
    "lesson4_connect_1": "Now why don’t you give it a try?",
    "lesson4_attack_distribute_1": "Just as you have done up to this point, simply click on the boxed numbers to split them.",
    "lesson4_attack_eval_dd_1": "This time around, you will be multiplying two double digit numbers.",
    "lesson4_attack_eval_dd_2": "Fortunately, they are both multiples of 10.",
    "lesson4_attack_eval_dd_3": "All you need to do is multiply the two non-zero digits, and put two zeroes at the end.",
    "lesson4_end_1": "Nice! Even with multiplying double digits, splitting them up allows you to solve them with ease!",
    "lesson4_end_2": "You will certainly have no problem dealing with the remaining blobs!",
    "bonusBlob_1": "Look, there’s an anomaly blob!",
    "bonusBlob_2": "Connecting with this blob will allow us to clear out the entire board, and give us a bonus score.",
    "bonusBlob_3": "Who knows what challenge awaits, so why not give it a try?",
    "bonusBlob_4": "However, you only have one shot. Do your best!",
    "bonus_distribute_mixup_1": "Looks like the numbers of each area are all mixed up!",
    "bonus_distribute_mixup_2": "Simply drag the numbers to their appropriate place, and once you are satisfied, press the PROCEED button.",
    "bonus_distribute_mixup_3": "Hint: If you look closely at the size of each rectangle, and its associated width, you will know where to put the numbers.",
    "bonus_partial_products_1": "Uh oh, some of the partial products are missing!",
    "bonus_partial_products_2": "Use the numpad to fill in the missing numbers, then press the left or right arrows to move to the next one.",
    "bonus_partial_products_3": "Once all the missing numbers are filled, press the ENTER button to proceed.",
    "bonus_partial_products_4": "Just remember how you split the numbers up into multiples of 10’s like before, and you should have no problem!",
    "congratulations": "CONGRATULATIONS!",
    "congrats_desc": "All the blobs have been banished for good! Earth is safe once more!",
    "thank_you_for_playing": "Thank you for playing!"
  }
}